,OperatingExpenses,ResearchAndDevelopmentExpense,NetIncomeLoss,Assets,AssetsCurrent
March 2016,1833333.3333333333,2225000.0,18034000.0,125074000.0,91261000.0
June 2016,1833333.3333333333,2225000.0,-476000.0,119953000.0,86046000.0
September 2016,1833333.3333333333,2225000.0,-5736000.0,114233000.0,80845000.0
