,NetIncomeLoss,Assets
September 2010,,
December 2010,,
March 2011,,
June 2011,,785079.0
September 2011,-101444.33333333333,
December 2011,-101444.33333333333,
March 2012,-101444.33333333333,763627.0
