,OperatingExpenses,NetIncomeLoss,Assets,AssetsCurrent
September 2010,1067.5,-75277.66666666667,,
December 2010,1067.5,-75277.66666666667,1500.0,1500.0
March 2011,4064.0,-48994.0,,
June 2011,93924.0,-48994.0,,
September 2011,200216.0,-200641.0,51347.0,45950.0
December 2011,231998.0,-75277.66666666667,75396.0,70144.0
March 2012,348202.0,-333616.0,180937.0,175829.0
June 2012,320513.0,-333616.0,,
September 2012,828142.0,-829677.0,698542.0,693723.0
