,OperatingExpenses,NetIncomeLoss,Assets,AssetsCurrent
June 2021,86345.33333333333,-11531.0,,
September 2021,86345.33333333333,-6.0,381529.0,
December 2021,86345.33333333333,-247499.0,236487930.0,1688549.0
March 2022,151256.0,-128585.0,236332297.0,1567944.0
June 2022,,-5259.0,236478096.0,1455295.0
