,OperatingExpenses,NetIncomeLoss,Assets,AssetsCurrent
June 2021,57055.666666666664,-56496.0,,
September 2021,57055.666666666664,-56496.0,711995.0,528900.0
December 2021,57055.666666666664,-56496.0,147428222.0,666507.0
March 2022,183884.0,-171917.0,147124711.0,389909.0
June 2022,137279.0,64568.0,147205811.0,476682.0
