,NetIncomeLoss,Assets
September 2011,-101444.33333333333,
December 2011,-101444.33333333333,
March 2012,-101444.33333333333,763627.0
