,OperatingExpenses,NetIncomeLoss,Assets,AssetsCurrent
March 2021,10182.666666666666,-4973.0,,
June 2021,10182.666666666666,-25575.0,,
September 2021,10182.666666666666,0.0,346277.0,17157.0
December 2021,-15318.0,12457890.0,233986926.0,1702156.0
March 2022,,355796.0,233559692.0,1240075.0
June 2022,,4876165.0,233348811.0,821750.0
