,OperatingExpenses,NetIncomeLoss,Assets,AssetsCurrent
June 2009,142135.5,-127181.33333333333,,
September 2009,142135.5,-127181.33333333333,,
December 2009,142135.5,-127181.33333333333,,
March 2010,139309.5,-139885.0,,
June 2010,139309.5,-139885.0,,
September 2010,154215.0,-172764.0,,
December 2010,142135.5,-196230.0,116840.0,116840.0
March 2011,215393.0,-220990.5,,
June 2011,215393.0,-220990.5,,
September 2011,158962.0,-185995.0,35384.0,35384.0
