,OperatingExpenses,NetIncomeLoss,Assets,AssetsCurrent
September 2020,122173.0,-1431.0,,
December 2020,122173.0,-263288.0,105933161.0,2410632.0
March 2021,421672.0,-458783.0,105633120.0,2102702.0
June 2021,447270.3333333333,-451325.0,105144011.0,1614730.0
September 2021,447270.3333333333,-410971.0,104874873.0,1339855.0
December 2021,447270.3333333333,-601959.0,104427748.0,884774.0
March 2022,,-413229.0,103933388.0,389328.0
June 2022,,-281637.0,104072672.0,379264.0
