,ResearchAndDevelopmentExpense,SellingGeneralAndAdministrativeExpense,NetIncomeLoss,Assets,AssetsCurrent
June 2020,480548.75,15956029.5,-30792505.0,,
September 2020,480548.75,15956029.5,-30792505.0,,
December 2020,480548.75,15956029.5,-30792505.0,,
March 2021,480548.75,15956029.5,-30792505.0,186947801.0,89527517.0
June 2021,259666.0,16014634.0,-16907628.0,,
September 2021,206828.33333333334,14841263.333333334,-19354705.666666668,,
December 2021,206828.33333333334,14841263.333333334,-19354705.666666668,,
March 2022,206828.33333333334,14841263.333333334,-19354705.666666668,104954722.0,37388013.0
June 2022,214687.0,10553734.0,-4284350.0,97756419.0,51190086.0
