,NetIncomeLoss,Assets,AssetsCurrent
March 2011,,1829982000.0,912122000.0
June 2011,4339666.666666667,,
September 2011,4339666.666666667,,
December 2011,4339666.666666667,4013108000.0,773676000.0
March 2012,5792000.0,4064128000.0,890524000.0
June 2012,,3893872000.0,784476000.0
September 2012,,3919124000.0,806133000.0
December 2012,,4029340000.0,753009000.0
March 2013,,4069573000.0,814896000.0
June 2013,,4034268000.0,803832000.0
