,OperatingExpenses,NetIncomeLoss,Assets,AssetsCurrent
March 2011,4717.714285714285,-5519.0,,
June 2011,4717.714285714285,-750.0,,
September 2011,4717.714285714285,-1500.0,,
December 2011,4717.714285714285,-50.0,,
March 2012,4717.714285714285,-5918.0,,
June 2012,7412.0,-7412.0,,
September 2012,5992.0,-5992.0,,
December 2012,4717.714285714285,-17607.0,,
March 2013,4717.714285714285,-3446.0,,
June 2013,21305.0,-19539.0,,
September 2013,85115.0,-79865.0,,
