,OperatingExpenses,NetIncomeLoss,Assets,AssetsCurrent
September 2020,19798.333333333332,-19798.333333333332,,
December 2020,19798.333333333332,-19798.333333333332,,
March 2021,19798.333333333332,-19798.333333333332,537567.0,537567.0
June 2021,16499.0,-16499.0,,
September 2021,78774.0,-78774.0,401371.0,401371.0
December 2021,137605.0,-135423.0,129120909.0,1353727.0
March 2022,177034.0,-183349.0,128953272.0,128953272.0
June 2022,269833.0,-154420.0,128823338.0,128823338.0
