,OperatingExpenses,NetIncomeLoss,Assets,AssetsCurrent
June 2020,332.6666666666667,-525.0,,
September 2020,332.6666666666667,-472.0,,
December 2020,332.6666666666667,-451.0,25000.0,25000.0
March 2021,6924.5,-450.0,100000.0,
June 2021,6924.5,-1399757.0,174452347.0,1950676.0
September 2021,6924.5,2308212.0,174334234.0,1830344.0
December 2021,6924.5,-741751.0,174138030.0,1480205.0
March 2022,38948.0,1470235.0,173790875.0,1224165.0
June 2022,11250.0,1178812.0,173788992.0,1036402.0
