,OperatingExpenses,NetIncomeLoss,Assets,AssetsCurrent
June 2021,6698.333333333333,-6698.333333333333,,
September 2021,6698.333333333333,-6698.333333333333,,
December 2021,6698.333333333333,-6698.333333333333,289765.0,289765.0
March 2022,,-419465.0,103285890.0,639346.0
June 2022,,-8850.0,103377355.0,622351.0
