,NetIncomeLoss,Assets,AssetsCurrent
June 2011,4339666.666666667,,
September 2011,4339666.666666667,,
December 2011,4339666.666666667,4013108000.0,773676000.0
March 2012,5792000.0,4064128000.0,890524000.0
