,OperatingExpenses,NetIncomeLoss,Assets,AssetsCurrent
June 2010,2055.0,-2055.0,20.0,20.0
September 2010,250.0,518.3333333333334,,
December 2010,-1152.5,518.3333333333334,,
March 2011,-1152.5,518.3333333333334,,
June 2011,7555.0,-7055.0,20.0,20.0
September 2011,1500.0,,770.0,770.0
