,OperatingExpenses,NetIncomeLoss,Assets,AssetsCurrent
March 2010,75.0,0.0,,
June 2010,75.0,0.0,,
September 2010,75.0,0.0,,
December 2010,75.0,-300.0,1000.0,1000.0
March 2011,4599.0,-4784.0,,
June 2011,30248.333333333332,17435.0,,
September 2011,30248.333333333332,-378.0,48760.0,
December 2011,30248.333333333332,7770.0,29357.0,29357.0
March 2012,16031.0,1510.0,30987.0,30987.0
June 2012,,2432.3333333333335,,
September 2012,,2432.3333333333335,0.0,
December 2012,,2432.3333333333335,0.0,
