,OperatingExpenses,NetIncomeLoss,Assets,AssetsCurrent
March 2020,108367000.0,2020000.0,261868000.0,163328000.0
June 2020,-31722333.333333332,5147000.0,264120000.0,164528000.0
September 2020,-31722333.333333332,1121000.0,271082000.0,174454000.0
December 2020,-31722333.333333332,-57240000.0,161306000.0,76833000.0
March 2021,86196000.0,-9493000.0,160046000.0,78675000.0
June 2021,-25465333.333333332,-4033000.0,153895000.0,59893000.0
September 2021,-25465333.333333332,-5219000.0,157775000.0,66841000.0
December 2021,-25465333.333333332,-23604000.0,149034000.0,61581000.0
