,OperatingExpenses,NetIncomeLoss,Assets,AssetsCurrent
December 2020,87097.0,-88249.0,125795507.0,796659.0
March 2021,478299.3333333333,-160980.0,125727247.0,687135.0
June 2021,478299.3333333333,-258030.0,125592369.0,553443.0
September 2021,478299.3333333333,-1072869.0,125446377.0,389810.0
