,OperatingExpenses,NetIncomeLoss,Assets,AssetsCurrent
June 2021,89066.33333333333,-116059.33333333333,,
September 2021,89066.33333333333,-116059.33333333333,,
December 2021,89066.33333333333,-116059.33333333333,234133127.0,681789.0
March 2022,247703.0,-224195.0,233672327.0,197481.0
June 2022,120575.0,161636.0,233896990.0,106906.0
