,OperatingExpenses,NetIncomeLoss,Assets,AssetsCurrent
September 2020,,-5983.0,,
December 2020,,-3689.0,96594.0,
March 2021,9247.333333333334,-1287.0,,
June 2021,9247.333333333334,-1287.0,329691.0,24402.0
September 2021,9247.333333333334,-87161.0,147632283.0,997741.0
December 2021,30000.0,-283239.0,147315186.0,670511.0
March 2022,30000.0,-379541.0,146992289.0,340791.0
