,SellingGeneralAndAdministrativeExpense,NetIncomeLoss,Assets,AssetsCurrent,AssetsNoncurrent
March 2018,20691.666666666668,-2002.25,,,
June 2018,20691.666666666668,-2002.25,,,
September 2018,20691.666666666668,-58070.5,,,
December 2018,54066.0,-58070.5,,,
March 2019,4906.0,-3113.6666666666665,,,
June 2019,4906.0,-3113.6666666666665,,,
September 2019,4906.0,-3113.6666666666665,,,
December 2019,27959.0,-24601.0,,,
