,OperatingExpenses,ResearchAndDevelopmentExpense,SellingGeneralAndAdministrativeExpense,NetIncomeLoss,Assets,AssetsCurrent
December 2009,552300.0,249425.0,302875.0,-271125.0,,
March 2010,552300.0,249425.0,302875.0,-271125.0,,
June 2010,552300.0,249425.0,302875.0,-271125.0,,
September 2010,552300.0,249425.0,302875.0,-271125.0,2760700.0,1445500.0
December 2010,493100.0,195800.0,297300.0,-406500.0,,
March 2011,440966.6666666667,168066.66666666666,272900.0,-221333.33333333334,,
June 2011,440966.6666666667,168066.66666666666,272900.0,-221333.33333333334,,
September 2011,440966.6666666667,168066.66666666666,272900.0,-221333.33333333334,2627100.0,1368500.0
December 2011,372300.0,102700.0,269600.0,-386900.0,2554900.0,1296200.0
