,OperatingExpenses,ResearchAndDevelopmentExpense,NetIncomeLoss,Assets,AssetsCurrent
March 2011,9235.0,,-10721.666666666666,18874.0,18874.0
June 2011,8869.0,,-10721.666666666666,,
September 2011,11058.0,,-10721.666666666666,,
December 2011,11903.0,0.0,-131371.0,367.0,367.0
March 2012,7268.0,4669882.5,-6341961.0,92.0,92.0
June 2012,1081.0,4669882.5,-6341961.0,92.0,92.0
September 2012,20655.0,4669882.5,-6341961.0,11.0,11.0
December 2012,,4669882.5,-6341961.0,346069.0,346069.0
March 2013,,,,,
