,OperatingExpenses,NetIncomeLoss,Assets,AssetsCurrent
June 2014,235.66666666666666,-235.66666666666666,,
September 2014,235.66666666666666,-235.66666666666666,,
December 2014,235.66666666666666,-235.66666666666666,,
March 2015,25256.0,-25256.0,,
June 2015,25256.0,-25256.0,,
September 2015,25256.0,-25256.0,,
December 2015,25256.0,-25256.0,77637.0,67237.0
March 2016,46171.0,-46146.0,545506.0,515106.0
June 2016,70660.0,-70639.0,503357.0,472957.0
