,OperatingExpenses,ResearchAndDevelopmentExpense,NetIncomeLoss,Assets,AssetsCurrent
December 2009,181077.33333333334,21403.0,-207460.5,,
March 2010,181077.33333333334,21403.0,-207460.5,,
June 2010,90685.0,42268.0,-90685.0,,
September 2010,83557.0,20740.0,-83557.0,,
December 2010,75266.0,19907.0,-75266.0,,
March 2011,181077.33333333334,21403.0,-138279.0,93718.0,73318.0
June 2011,109813.0,45821.0,-104063.0,,
September 2011,106472.0,37268.0,-115892.0,22080.0,1105.0
December 2011,97478.0,36514.0,-101019.0,34838.0,6388.0
