,OperatingExpenses,NetIncomeLoss,Assets,AssetsCurrent
March 2013,,577.3333333333334,,
June 2013,,577.3333333333334,,
September 2013,,577.3333333333334,,
December 2013,10866.0,-10866.0,0.0,0.0
March 2014,8362.666666666666,-6560.333333333333,,
June 2014,8362.666666666666,-6560.333333333333,,
September 2014,8362.666666666666,-6560.333333333333,,
December 2014,0.0,-5407.0,50000.0,0.0
March 2015,97.0,-97.0,50000.0,0.0
