,OperatingExpenses,NetIncomeLoss,Assets,AssetsCurrent
December 2009,6244.666666666667,-6178.0,,
March 2010,6244.666666666667,-6178.0,,
June 2010,774.0,-774.0,,
September 2010,774.0,-774.0,,
December 2010,4136.0,-4136.0,,
March 2011,6244.666666666667,-6178.0,,
June 2011,282753.5,-287619.5,,
September 2011,282753.5,-287619.5,,
December 2011,928751.0,-933473.0,,
March 2012,,,,
June 2012,,,,
