,OperatingExpenses,NetIncomeLoss,Assets,AssetsCurrent
March 2010,10769000.0,-6723000.0,,
June 2010,10769000.0,-5418000.0,,
September 2010,10769000.0,-7239000.0,,
December 2010,10769000.0,7993000.0,288274000.0,117916000.0
March 2011,11098000.0,-7899000.0,,
June 2011,17360333.333333332,13983000.0,145744000.0,65421000.0
September 2011,17360333.333333332,-5202000.0,137019000.0,58243000.0
December 2011,17360333.333333332,-11724000.0,467674000.0,107968000.0
March 2012,27962000.0,-12365000.0,456793000.0,100589000.0
