,OperatingExpenses,ResearchAndDevelopmentExpense,NetIncomeLoss,Assets,AssetsCurrent
March 2017,1513380.75,84472.0,,5466248.0,5258367.0
June 2017,1513380.75,69987.0,,4531994.0,4328760.0
September 2017,1513380.75,69499.0,,3499337.0,3302854.0
December 2017,1513380.75,65042.0,,3624254.0,2371182.0
March 2018,1785839.0,94011.0,-1760022.0,5999437.0,3122940.0
June 2018,2025180.0,143996.33333333334,-2373410.0,4001034.0,2007244.0
September 2018,2025180.0,143996.33333333334,-2506869.0,5415699.0,3109540.0
December 2018,2025180.0,143996.33333333334,-3446176.0,3708999.0,1451527.0
March 2019,2337203.0,105741.0,-3293184.0,5086961.0,3654259.0
